Wave,Task,Status,Agent,StartTime,EndTime,LOC,Files,Issues
0,types,completed,master-orchestrator,2026-01-02T19:15,2026-01-02T20:15,196,6,TYPE-001|BIZ-001|DASH-001|TYPE-002|DB-001
1-A,detector,pending,,,0,0,BIZ-002|BIZ-003|GLUE-001
1-A,signatures,pending,,,0,0,BIZ-002
1-B,saas-template,pending,,,0,0,BIZ-004|TEMPLATE-001
1-B,ecommerce-template,pending,,,0,0,BIZ-005|TEMPLATE-002
1-B,generic-template,pending,,,0,0,TEMPLATE-003
1-C,template-mapper,pending,,,0,0,BIZ-006|GLUE-002|MAPPER-001
1-C,template-loader,pending,,,0,0,TEMPLATE-004
2.1-A,save-vocab,pending,,,0,0,GLUE-003|VOC-001|PIPE-001
2.1-B,gen-semantic,pending,,,0,0,GLUE-004|SEM-001|PIPE-002
2.2,gen-dashboard-spec,pending,,,0,0,GLUE-005|DASH-002|PIPE-003
2.3,liquidschema-gen,pending,,,0,0,GLUE-011|DASH-003|UI-001
3-1,pipeline-orchestrator,pending,,,0,0,PIPE-004|PIPE-012|INT-001
3-2,analysis-api,pending,,,0,0,API-001|PIPE-005
3-3,onboarding-enhance,pending,,,0,0,UI-002|ONB-001
3-4,home-page,pending,,,0,0,UI-003|HOME-001|DASH-004
3-5,canvas-integration,pending,,,0,0,CANVAS-001|INT-002
3-6,routing,pending,,,0,0,NAV-001
4-A,thread-page,pending,,,0,0,UI-004
4-A,thread-view,pending,,,0,0,UI-005|THREAD-001
4-A,thread-components,pending,,,0,0,UI-006|UI-007|UI-008
4-B,thread-query-hook,pending,,,0,0,HOOK-001|THREAD-002
4-B,thread-backend,pending,,,0,0,THREAD-003|QUERY-001
5-A,error-handling,pending,,,0,0,ERR-001|ERR-002|ERR-003|PIPE-006|API-002|UI-009
5-B,loading-states,pending,,,0,0,LOAD-001|LOAD-002|LOAD-003|UI-010|UI-011|THREAD-004
5-C,responsive-css,pending,,,0,0,CSS-001|CSS-002|CSS-003|UI-012|MOBILE-001|ONB-002
5-D,e2e-tests,pending,,,0,0,TEST-001|TEST-002|TEST-003|E2E-001|E2E-002|E2E-003
5-E,typescript-strict,pending,,,0,0,TS-001
5-F,accessibility,pending,,,0,0,A11Y-001
5-G,performance,pending,,,0,0,PERF-001
